{
    "providers": [
        {
            "type": "bitmap",
            "file": "minecraft:font/smokin/firewort_jei.png",
            "ascent": 3,
            "height": 50,
            "chars": [
                "\u0298"
            ]
        },
		{
            "type": "bitmap",
            "file": "minecraft:font/smokin/lumasroot_jei.png",
            "ascent": 3,
            "height": 50,
            "chars": [
                "\u00D5"
            ]
        },
		{
            "type": "bitmap",
            "file": "minecraft:font/smokin/puffwedd_jei.png",
            "ascent": 3,
            "height": 50,
            "chars": [
                "\u00DB"
            ]
        },
		{
            "type": "bitmap",
            "file": "minecraft:font/smokin/smokis_pipes_jei.png",
            "ascent": 3,
            "height": 50,
            "chars": [
                "\u00C7"
            ]
        },
		{
            "type": "bitmap",
            "file": "minecraft:font/smokin/golden_pipe.png",
            "ascent": 3,
            "height": 50,
            "chars": [
                "\u0189"
            ]
        },
		{
            "type": "bitmap",
            "file": "minecraft:font/totem/fugy_jei.png",
            "ascent": 3,
            "height": 50,
            "chars": [
                "\u011C"
            ]
        },
		{
            "type": "bitmap",
            "file": "minecraft:font/totem/manesa_jei.png",
            "ascent": 3,
            "height": 50,
            "chars": [
                "\u011E"
            ]
        },
		{
            "type": "bitmap",
            "file": "minecraft:font/totem/dionis_jei.png",
            "ascent": 3,
            "height": 50,
            "chars": [
                "\u0123"
            ]
        },
		{
            "type": "bitmap",
            "file": "minecraft:font/totem/crayt_jei.png",
            "ascent": 3,
            "height": 50,
            "chars": [
                "\u012A"
            ]
        },
		{
            "type": "bitmap",
            "file": "minecraft:font/totem/chilitel_jei.png",
            "ascent": 3,
            "height": 50,
            "chars": [
                "\u0170"
            ]
        },
		{
            "type": "bitmap",
            "file": "minecraft:font/totem/hauberk_jei.png",
            "ascent": 3,
            "height": 50,
            "chars": [
                "\u01A2"
            ]
        },
		{
            "type": "bitmap",
            "file": "minecraft:font/totem/hauberk_jei.png",
            "ascent": 3,
            "height": 50,
            "chars": [
                "\u01A2"
            ]
        },
		{
            "type": "bitmap",
            "file": "minecraft:font/totem/kobru_jei.png",
            "ascent": 3,
            "height": 50,
            "chars": [
                "\u01AA"
            ]
        },
		{
            "type": "bitmap",
            "file": "minecraft:font/totem/caratel_jei.png",
            "ascent": 3,
            "height": 50,
            "chars": [
                "\u01E2"
            ]
        },
		{
            "type": "bitmap",
            "file": "minecraft:font/totem/gefest_jei.png",
            "ascent": 3,
            "height": 50,
            "chars": [
                "\u01FE"
            ]
        },
		{
            "type": "bitmap",
            "file": "minecraft:font/totem/egide_jei.png",
            "ascent": 3,
            "height": 50,
            "chars": [
                "\u020C"
            ]
        },
		{
            "type": "bitmap",
            "file": "minecraft:font/totem/crush_jei.png",
            "ascent": 3,
            "height": 50,
            "chars": [
                "\u024E"
            ]
        },
		{
            "type": "bitmap",
            "file": "minecraft:font/sphare/soru_jei.png",
            "ascent": 3,
            "height": 50,
            "chars": [
                "\u03FB"
            ]
        },
		{
            "type": "bitmap",
            "file": "minecraft:font/sphare/epion_jei.png",
            "ascent": 3,
            "height": 50,
            "chars": [
                "\u029D"
            ]
        },
		{
            "type": "bitmap",
            "file": "minecraft:font/sphare/skif_jei.png",
            "ascent": 3,
            "height": 50,
            "chars": [
                "\u029E"
            ]
        },
		{
            "type": "bitmap",
            "file": "minecraft:font/sphare/gafesa_jei.png",
            "ascent": 3,
            "height": 50,
            "chars": [
                "\u02A7"
            ]
        },
		{
            "type": "bitmap",
            "file": "minecraft:font/sphare/aront_jei.png",
            "ascent": 3,
            "height": 50,
            "chars": [
                "\u02AE"
            ]
        },
		{
            "type": "bitmap",
            "file": "minecraft:font/sphare/abant_jei.png",
            "ascent": 3,
            "height": 50,
            "chars": [
                "\u03F0"
            ]
        },
		{
            "type": "bitmap",
            "file": "minecraft:font/sphare/afin_jei.png",
            "ascent": 3,
            "height": 50,
            "chars": [
                "\u03F4"
            ]
        },
		{
            "type": "bitmap",
            "file": "minecraft:font/sphare/penekej_jei.png",
            "ascent": 3,
            "height": 50,
            "chars": [
                "\u00F8"
            ]
        },
		{
            "type": "bitmap",
            "file": "minecraft:font/sphare/filon_jei.png",
            "ascent": 3,
            "height": 50,
            "chars": [
                "\u04EA"
            ]
        },
		{
            "type": "bitmap",
            "file": "minecraft:font/sphare/ias_jei.png",
            "ascent": 3,
            "height": 50,
            "chars": [
                "\u04FA"
            ]
        }
    ]
}